<?xml version="1.0" encoding="UTF-8"?>
<photogallery>
  <photo>
    <src>Evergreen.jpg</src>
    <title>Evergreen</title>
    <subtitle>By
      &lt;a target="_blank" href="http://www.flickr.com/photos/nicholas_t/sets/72157600082674590/"&gt;Nicholas_T&lt;/a&gt;, licensed under
      &lt;a target="_blank" href="http://creativecommons.org/licenses/by/2.0/deed.en">Creative Commons Attribution 2.0 Generic&lt;/a&gt;</subtitle>
  </photo>
  <photo>
    <src>Amber-Waves.jpg</src>
    <title>Amber Waves</title>
    <subtitle>By
      &lt;a target="_blank" href="http://www.flickr.com/photos/nicholas_t/sets/72157600082674590/"&gt;Nicholas_T&lt;/a&gt;, licensed under
      &lt;a target="_blank" href="http://creativecommons.org/licenses/by/2.0/deed.en">Creative Commons Attribution 2.0 Generic&lt;/a&gt;</subtitle>
  </photo>
  <photo>
    <src>Reflections.jpg</src>
    <title>Reflections</title>
    <subtitle>By
      &lt;a target="_blank" href="http://www.flickr.com/photos/nicholas_t/sets/72157600082674590/"&gt;Nicholas_T&lt;/a&gt;, licensed under
      &lt;a target="_blank" href="http://creativecommons.org/licenses/by/2.0/deed.en">Creative Commons Attribution 2.0 Generic&lt;/a&gt;</subtitle>
  </photo>
  <photo>
    <src>Gray-Matter.jpg</src>
    <title>Gray Matter</title>
    <subtitle>By
      &lt;a target="_blank" href="http://www.flickr.com/photos/nicholas_t/sets/72157600082674590/"&gt;Nicholas_T&lt;/a&gt;, licensed under
      &lt;a target="_blank" href="http://creativecommons.org/licenses/by/2.0/deed.en">Creative Commons Attribution 2.0 Generic&lt;/a&gt;</subtitle>
  </photo>
  <photo>
    <src>Rocky.jpg</src>
    <title>Rocky</title>
    <subtitle>By
      &lt;a target="_blank" href="http://www.flickr.com/photos/nicholas_t/sets/72157600082674590/"&gt;Nicholas_T&lt;/a&gt;, licensed under
      &lt;a target="_blank" href="http://creativecommons.org/licenses/by/2.0/deed.en">Creative Commons Attribution 2.0 Generic&lt;/a&gt;</subtitle>
  </photo>
  <photo>
    <src>Sky-View.jpg</src>
    <title>Sky View</title>
    <subtitle>By
      &lt;a target="_blank" href="http://www.flickr.com/photos/nicholas_t/sets/72157600082674590/"&gt;Nicholas_T&lt;/a&gt;, licensed under
      &lt;a target="_blank" href="http://creativecommons.org/licenses/by/2.0/deed.en">Creative Commons Attribution 2.0 Generic&lt;/a&gt;</subtitle>
  </photo>
  <photo>
    <src>Quiet.jpg</src>
    <title>Quiet</title>
    <subtitle>By
      &lt;a target="_blank" href="http://www.flickr.com/photos/nicholas_t/sets/72157600082674590/"&gt;Nicholas_T&lt;/a&gt;, licensed under
      &lt;a target="_blank" href="http://creativecommons.org/licenses/by/2.0/deed.en">Creative Commons Attribution 2.0 Generic&lt;/a&gt;</subtitle>
  </photo>
  <photo>
    <src>Descent.jpg</src>
    <title>Descent</title>
    <subtitle>By
      &lt;a target="_blank" href="http://www.flickr.com/photos/nicholas_t/sets/72157600082674590/"&gt;Nicholas_T&lt;/a&gt;, licensed under
      &lt;a target="_blank" href="http://creativecommons.org/licenses/by/2.0/deed.en">Creative Commons Attribution 2.0 Generic&lt;/a&gt;</subtitle>
  </photo>
  <photo>
    <src>Patterned.jpg</src>
    <title>Patterned</title>
    <subtitle>By
      &lt;a target="_blank" href="http://www.flickr.com/photos/nicholas_t/sets/72157600082674590/"&gt;Nicholas_T&lt;/a&gt;, licensed under
      &lt;a target="_blank" href="http://creativecommons.org/licenses/by/2.0/deed.en">Creative Commons Attribution 2.0 Generic&lt;/a&gt;</subtitle>
  </photo>
  <photo>
    <src>Agrarian.jpg</src>
    <title>Agrarian</title>
    <subtitle>By
      &lt;a target="_blank" href="http://www.flickr.com/photos/nicholas_t/sets/72157600082674590/"&gt;Nicholas_T&lt;/a&gt;, licensed under
      &lt;a target="_blank" href="http://creativecommons.org/licenses/by/2.0/deed.en">Creative Commons Attribution 2.0 Generic&lt;/a&gt;</subtitle>
  </photo>
  <photo>
    <src>Commuters'-Dawn.jpg</src>
    <title>Commuters' Dawn</title>
    <subtitle>By
      &lt;a target="_blank" href="http://www.flickr.com/photos/nicholas_t/sets/72157600082674590/"&gt;Nicholas_T&lt;/a&gt;, licensed under
      &lt;a target="_blank" href="http://creativecommons.org/licenses/by/2.0/deed.en">Creative Commons Attribution 2.0 Generic&lt;/a&gt;</subtitle>
  </photo>
  <photo>
    <src>Dusted.jpg</src>
    <title>Dusted</title>
    <subtitle>By
      &lt;a target="_blank" href="http://www.flickr.com/photos/nicholas_t/sets/72157600082674590/"&gt;Nicholas_T&lt;/a&gt;, licensed under
      &lt;a target="_blank" href="http://creativecommons.org/licenses/by/2.0/deed.en">Creative Commons Attribution 2.0 Generic&lt;/a&gt;</subtitle>
  </photo>
  <photo>
    <src>Meander.jpg</src>
    <title>Meander</title>
    <subtitle>By
      &lt;a target="_blank" href="http://www.flickr.com/photos/nicholas_t/sets/72157600082674590/"&gt;Nicholas_T&lt;/a&gt;, licensed under
      &lt;a target="_blank" href="http://creativecommons.org/licenses/by/2.0/deed.en">Creative Commons Attribution 2.0 Generic&lt;/a&gt;</subtitle>
  </photo>
  <photo>
    <src>Tunnel-Vision.jpg</src>
    <title>Tunnel Vision</title>
    <subtitle>By
      &lt;a target="_blank" href="http://www.flickr.com/photos/nicholas_t/sets/72157600082674590/"&gt;Nicholas_T&lt;/a&gt;, licensed under
      &lt;a target="_blank" href="http://creativecommons.org/licenses/by/2.0/deed.en">Creative Commons Attribution 2.0 Generic&lt;/a&gt;</subtitle>
  </photo>
  <photo>
    <src>Trenched.jpg</src>
    <title>Trenched</title>
    <subtitle>By
      &lt;a target="_blank" href="http://www.flickr.com/photos/nicholas_t/sets/72157600082674590/"&gt;Nicholas_T&lt;/a&gt;, licensed under
      &lt;a target="_blank" href="http://creativecommons.org/licenses/by/2.0/deed.en">Creative Commons Attribution 2.0 Generic&lt;/a&gt;</subtitle>
  </photo>
  <photo>
    <src>Mirrored.jpg</src>
    <title>Mirrored</title>
    <subtitle>By
      &lt;a target="_blank" href="http://www.flickr.com/photos/nicholas_t/sets/72157600082674590/"&gt;Nicholas_T&lt;/a&gt;, licensed under
      &lt;a target="_blank" href="http://creativecommons.org/licenses/by/2.0/deed.en">Creative Commons Attribution 2.0 Generic&lt;/a&gt;</subtitle>
  </photo>
  <photo>
    <src>Hill-'n'-Dale.jpg</src>
    <title>Hill 'n' Dale</title>
    <subtitle>By
      &lt;a target="_blank" href="http://www.flickr.com/photos/nicholas_t/sets/72157600082674590/"&gt;Nicholas_T&lt;/a&gt;, licensed under
      &lt;a target="_blank" href="http://creativecommons.org/licenses/by/2.0/deed.en">Creative Commons Attribution 2.0 Generic&lt;/a&gt;</subtitle>
  </photo>
  <photo>
    <src>Drenched.jpg</src>
    <title>Drenched</title>
    <subtitle>By
      &lt;a target="_blank" href="http://www.flickr.com/photos/nicholas_t/sets/72157600082674590/"&gt;Nicholas_T&lt;/a&gt;, licensed under
      &lt;a target="_blank" href="http://creativecommons.org/licenses/by/2.0/deed.en">Creative Commons Attribution 2.0 Generic&lt;/a&gt;</subtitle>
  </photo>
  <photo>
    <src>Memories-of-Green.jpg</src>
    <title>Memories of Green</title>
    <subtitle>By
      &lt;a target="_blank" href="http://www.flickr.com/photos/nicholas_t/sets/72157600082674590/"&gt;Nicholas_T&lt;/a&gt;, licensed under
      &lt;a target="_blank" href="http://creativecommons.org/licenses/by/2.0/deed.en">Creative Commons Attribution 2.0 Generic&lt;/a&gt;</subtitle>
  </photo>
  <photo>
    <src>Pass-Through.jpg</src>
    <title>Pass-Through</title>
    <subtitle>By
      &lt;a target="_blank" href="http://www.flickr.com/photos/nicholas_t/sets/72157600082674590/"&gt;Nicholas_T&lt;/a&gt;, licensed under
      &lt;a target="_blank" href="http://creativecommons.org/licenses/by/2.0/deed.en">Creative Commons Attribution 2.0 Generic&lt;/a&gt;</subtitle>
  </photo>
  <photo>
    <src>Stretched.jpg</src>
    <title>Stretched</title>
    <subtitle>By
      &lt;a target="_blank" href="http://www.flickr.com/photos/nicholas_t/sets/72157600082674590/"&gt;Nicholas_T&lt;/a&gt;, licensed under
      &lt;a target="_blank" href="http://creativecommons.org/licenses/by/2.0/deed.en">Creative Commons Attribution 2.0 Generic&lt;/a&gt;</subtitle>
  </photo>
  <photo>
    <src>Sunday-Drive.jpg</src>
    <title>Sunday Drive</title>
    <subtitle>By
      &lt;a target="_blank" href="http://www.flickr.com/photos/nicholas_t/sets/72157600082674590/"&gt;Nicholas_T&lt;/a&gt;, licensed under
      &lt;a target="_blank" href="http://creativecommons.org/licenses/by/2.0/deed.en">Creative Commons Attribution 2.0 Generic&lt;/a&gt;</subtitle>
  </photo>
  <photo>
    <src>Fenced.jpg</src>
    <title>Fenced</title>
    <subtitle>By
      &lt;a target="_blank" href="http://www.flickr.com/photos/nicholas_t/sets/72157600082674590/"&gt;Nicholas_T&lt;/a&gt;, licensed under
      &lt;a target="_blank" href="http://creativecommons.org/licenses/by/2.0/deed.en">Creative Commons Attribution 2.0 Generic&lt;/a&gt;</subtitle>
  </photo>
  <photo>
    <src>Scope.jpg</src>
    <title>Scope</title>
    <subtitle>By
      &lt;a target="_blank" href="http://www.flickr.com/photos/nicholas_t/sets/72157600082674590/"&gt;Nicholas_T&lt;/a&gt;, licensed under
      &lt;a target="_blank" href="http://creativecommons.org/licenses/by/2.0/deed.en">Creative Commons Attribution 2.0 Generic&lt;/a&gt;</subtitle>
  </photo>
  <photo>
    <src>Expansion.jpg</src>
    <title>Expansion</title>
    <subtitle>By
      &lt;a target="_blank" href="http://www.flickr.com/photos/nicholas_t/sets/72157600082674590/"&gt;Nicholas_T&lt;/a&gt;, licensed under
      &lt;a target="_blank" href="http://creativecommons.org/licenses/by/2.0/deed.en">Creative Commons Attribution 2.0 Generic&lt;/a&gt;</subtitle>
  </photo>
  <photo>
    <src>Firmament.jpg</src>
    <title>Firmament</title>
    <subtitle>By
      &lt;a target="_blank" href="http://www.flickr.com/photos/nicholas_t/sets/72157600082674590/"&gt;Nicholas_T&lt;/a&gt;, licensed under
      &lt;a target="_blank" href="http://creativecommons.org/licenses/by/2.0/deed.en">Creative Commons Attribution 2.0 Generic&lt;/a&gt;</subtitle>
  </photo>
  <photo>
    <src>Colossal.jpg</src>
    <title>Colossal</title>
    <subtitle>By
      &lt;a target="_blank" href="http://www.flickr.com/photos/nicholas_t/sets/72157600082674590/"&gt;Nicholas_T&lt;/a&gt;, licensed under
      &lt;a target="_blank" href="http://creativecommons.org/licenses/by/2.0/deed.en">Creative Commons Attribution 2.0 Generic&lt;/a&gt;</subtitle>
  </photo>
  <photo>
    <src>Side-View.jpg</src>
    <title>Side View</title>
    <subtitle>By
      &lt;a target="_blank" href="http://www.flickr.com/photos/nicholas_t/sets/72157600082674590/"&gt;Nicholas_T&lt;/a&gt;, licensed under
      &lt;a target="_blank" href="http://creativecommons.org/licenses/by/2.0/deed.en">Creative Commons Attribution 2.0 Generic&lt;/a&gt;</subtitle>
  </photo>
  <photo>
    <src>Earth-Tones.jpg</src>
    <title>Earth Tones</title>
    <subtitle>By
      &lt;a target="_blank" href="http://www.flickr.com/photos/nicholas_t/sets/72157600082674590/"&gt;Nicholas_T&lt;/a&gt;, licensed under
      &lt;a target="_blank" href="http://creativecommons.org/licenses/by/2.0/deed.en">Creative Commons Attribution 2.0 Generic&lt;/a&gt;</subtitle>
  </photo>
  <photo>
    <src>Shallow.jpg</src>
    <title>Shallow</title>
    <subtitle>By
      &lt;a target="_blank" href="http://www.flickr.com/photos/nicholas_t/sets/72157600082674590/"&gt;Nicholas_T&lt;/a&gt;, licensed under
      &lt;a target="_blank" href="http://creativecommons.org/licenses/by/2.0/deed.en">Creative Commons Attribution 2.0 Generic&lt;/a&gt;</subtitle>
  </photo>
  <photo>
    <src>Dichotomy.jpg</src>
    <title>Dichotomy</title>
    <subtitle>By
      &lt;a target="_blank" href="http://www.flickr.com/photos/nicholas_t/sets/72157600082674590/"&gt;Nicholas_T&lt;/a&gt;, licensed under
      &lt;a target="_blank" href="http://creativecommons.org/licenses/by/2.0/deed.en">Creative Commons Attribution 2.0 Generic&lt;/a&gt;</subtitle>
  </photo>
  <photo>
    <src>Spotlight.jpg</src>
    <title>Spotlight</title>
    <subtitle>By
      &lt;a target="_blank" href="http://www.flickr.com/photos/nicholas_t/sets/72157600082674590/"&gt;Nicholas_T&lt;/a&gt;, licensed under
      &lt;a target="_blank" href="http://creativecommons.org/licenses/by/2.0/deed.en">Creative Commons Attribution 2.0 Generic&lt;/a&gt;</subtitle>
  </photo>
  <photo>
    <src>Notched.jpg</src>
    <title>Notched</title>
    <subtitle>By
      &lt;a target="_blank" href="http://www.flickr.com/photos/nicholas_t/sets/72157600082674590/"&gt;Nicholas_T&lt;/a&gt;, licensed under
      &lt;a target="_blank" href="http://creativecommons.org/licenses/by/2.0/deed.en">Creative Commons Attribution 2.0 Generic&lt;/a&gt;</subtitle>
  </photo>
  <photo>
    <src>Autumnal.jpg</src>
    <title>Autumnal</title>
    <subtitle>By
      &lt;a target="_blank" href="http://www.flickr.com/photos/nicholas_t/sets/72157600082674590/"&gt;Nicholas_T&lt;/a&gt;, licensed under
      &lt;a target="_blank" href="http://creativecommons.org/licenses/by/2.0/deed.en">Creative Commons Attribution 2.0 Generic&lt;/a&gt;</subtitle>
  </photo>
  <photo>
    <src>Looped.jpg</src>
    <title>Looped</title>
    <subtitle>By
      &lt;a target="_blank" href="http://www.flickr.com/photos/nicholas_t/sets/72157600082674590/"&gt;Nicholas_T&lt;/a&gt;, licensed under
      &lt;a target="_blank" href="http://creativecommons.org/licenses/by/2.0/deed.en">Creative Commons Attribution 2.0 Generic&lt;/a&gt;</subtitle>
  </photo>
  <photo>
    <src>Buildup.jpg</src>
    <title>Buildup</title>
    <subtitle>By
      &lt;a target="_blank" href="http://www.flickr.com/photos/nicholas_t/sets/72157600082674590/"&gt;Nicholas_T&lt;/a&gt;, licensed under
      &lt;a target="_blank" href="http://creativecommons.org/licenses/by/2.0/deed.en">Creative Commons Attribution 2.0 Generic&lt;/a&gt;</subtitle>
  </photo>
  <photo>
    <src>Periphery.jpg</src>
    <title>Periphery</title>
    <subtitle>By
      &lt;a target="_blank" href="http://www.flickr.com/photos/nicholas_t/sets/72157600082674590/"&gt;Nicholas_T&lt;/a&gt;, licensed under
      &lt;a target="_blank" href="http://creativecommons.org/licenses/by/2.0/deed.en">Creative Commons Attribution 2.0 Generic&lt;/a&gt;</subtitle>
  </photo>
  <photo>
    <src>Beams.jpg</src>
    <title>Beams</title>
    <subtitle>By
      &lt;a target="_blank" href="http://www.flickr.com/photos/nicholas_t/sets/72157600082674590/"&gt;Nicholas_T&lt;/a&gt;, licensed under
      &lt;a target="_blank" href="http://creativecommons.org/licenses/by/2.0/deed.en">Creative Commons Attribution 2.0 Generic&lt;/a&gt;</subtitle>
  </photo>
  <photo>
    <src>Pillared.jpg</src>
    <title>Pillared</title>
    <subtitle>By
      &lt;a target="_blank" href="http://www.flickr.com/photos/nicholas_t/sets/72157600082674590/"&gt;Nicholas_T&lt;/a&gt;, licensed under
      &lt;a target="_blank" href="http://creativecommons.org/licenses/by/2.0/deed.en">Creative Commons Attribution 2.0 Generic&lt;/a&gt;</subtitle>
  </photo>
  <photo>
    <src>Forlorn.jpg</src>
    <title>Forlorn</title>
    <subtitle>By
      &lt;a target="_blank" href="http://www.flickr.com/photos/nicholas_t/sets/72157600082674590/"&gt;Nicholas_T&lt;/a&gt;, licensed under
      &lt;a target="_blank" href="http://creativecommons.org/licenses/by/2.0/deed.en">Creative Commons Attribution 2.0 Generic&lt;/a&gt;</subtitle>
  </photo>
  <photo>
    <src>Ecotone.jpg</src>
    <title>Ecotone</title>
    <subtitle>By
      &lt;a target="_blank" href="http://www.flickr.com/photos/nicholas_t/sets/72157600082674590/"&gt;Nicholas_T&lt;/a&gt;, licensed under
      &lt;a target="_blank" href="http://creativecommons.org/licenses/by/2.0/deed.en">Creative Commons Attribution 2.0 Generic&lt;/a&gt;</subtitle>
  </photo>
  <photo>
    <src>Smooth.jpg</src>
    <title>Smooth</title>
    <subtitle>By
      &lt;a target="_blank" href="http://www.flickr.com/photos/nicholas_t/sets/72157600082674590/"&gt;Nicholas_T&lt;/a&gt;, licensed under
      &lt;a target="_blank" href="http://creativecommons.org/licenses/by/2.0/deed.en">Creative Commons Attribution 2.0 Generic&lt;/a&gt;</subtitle>
  </photo>
  <photo>
    <src>Towering.jpg</src>
    <title>Towering</title>
    <subtitle>By
      &lt;a target="_blank" href="http://www.flickr.com/photos/nicholas_t/sets/72157600082674590/"&gt;Nicholas_T&lt;/a&gt;, licensed under
      &lt;a target="_blank" href="http://creativecommons.org/licenses/by/2.0/deed.en">Creative Commons Attribution 2.0 Generic&lt;/a&gt;</subtitle>
  </photo>
  <photo>
    <src>Prewinter.jpg</src>
    <title>Prewinter</title>
    <subtitle>By
      &lt;a target="_blank" href="http://www.flickr.com/photos/nicholas_t/sets/72157600082674590/"&gt;Nicholas_T&lt;/a&gt;, licensed under
      &lt;a target="_blank" href="http://creativecommons.org/licenses/by/2.0/deed.en">Creative Commons Attribution 2.0 Generic&lt;/a&gt;</subtitle>
  </photo>
  <photo>
    <src>Downtown.jpg</src>
    <title>Downtown</title>
    <subtitle>By
      &lt;a target="_blank" href="http://www.flickr.com/photos/nicholas_t/sets/72157600082674590/"&gt;Nicholas_T&lt;/a&gt;, licensed under
      &lt;a target="_blank" href="http://creativecommons.org/licenses/by/2.0/deed.en">Creative Commons Attribution 2.0 Generic&lt;/a&gt;</subtitle>
  </photo>
  <photo>
    <src>Decommissioned.jpg</src>
    <title>Decommissioned</title>
    <subtitle>By
      &lt;a target="_blank" href="http://www.flickr.com/photos/nicholas_t/sets/72157600082674590/"&gt;Nicholas_T&lt;/a&gt;, licensed under
      &lt;a target="_blank" href="http://creativecommons.org/licenses/by/2.0/deed.en">Creative Commons Attribution 2.0 Generic&lt;/a&gt;</subtitle>
  </photo>
  <photo>
    <src>Free-Flowing.jpg</src>
    <title>Free-Flowing</title>
    <subtitle>By
      &lt;a target="_blank" href="http://www.flickr.com/photos/nicholas_t/sets/72157600082674590/"&gt;Nicholas_T&lt;/a&gt;, licensed under
      &lt;a target="_blank" href="http://creativecommons.org/licenses/by/2.0/deed.en">Creative Commons Attribution 2.0 Generic&lt;/a&gt;</subtitle>
  </photo>
  <photo>
    <src>Circumnavigation.jpg</src>
    <title>Circumnavigation</title>
    <subtitle>By
      &lt;a target="_blank" href="http://www.flickr.com/photos/nicholas_t/sets/72157600082674590/"&gt;Nicholas_T&lt;/a&gt;, licensed under
      &lt;a target="_blank" href="http://creativecommons.org/licenses/by/2.0/deed.en">Creative Commons Attribution 2.0 Generic&lt;/a&gt;</subtitle>
  </photo>
  <photo>
    <src>Swamped.jpg</src>
    <title>Swamped</title>
    <subtitle>By
      &lt;a target="_blank" href="http://www.flickr.com/photos/nicholas_t/sets/72157600082674590/"&gt;Nicholas_T&lt;/a&gt;, licensed under
      &lt;a target="_blank" href="http://creativecommons.org/licenses/by/2.0/deed.en">Creative Commons Attribution 2.0 Generic&lt;/a&gt;</subtitle>
  </photo>
  <photo>
    <src>Glazed.jpg</src>
    <title>Glazed</title>
     <subtitle>By
      &lt;a target="_blank" href="http://www.flickr.com/photos/nicholas_t/sets/72157600082674590/"&gt;Nicholas_T&lt;/a&gt;, licensed under
      &lt;a target="_blank" href="http://creativecommons.org/licenses/by/2.0/deed.en">Creative Commons Attribution 2.0 Generic&lt;/a&gt;</subtitle>
  </photo>
  <photo>
    <src>Ruinous.jpg</src>
    <title>Ruinous</title>
    <subtitle>By
      &lt;a target="_blank" href="http://www.flickr.com/photos/nicholas_t/sets/72157600082674590/"&gt;Nicholas_T&lt;/a&gt;, licensed under
      &lt;a target="_blank" href="http://creativecommons.org/licenses/by/2.0/deed.en">Creative Commons Attribution 2.0 Generic&lt;/a&gt;</subtitle>
  </photo>
  <photo>
    <src>Summit.jpg</src>
    <title>Summit</title>
    <subtitle>By
      &lt;a target="_blank" href="http://www.flickr.com/photos/nicholas_t/sets/72157600082674590/"&gt;Nicholas_T&lt;/a&gt;, licensed under
      &lt;a target="_blank" href="http://creativecommons.org/licenses/by/2.0/deed.en">Creative Commons Attribution 2.0 Generic&lt;/a&gt;</subtitle>
  </photo>
  <photo>
    <src>Hovering.jpg</src>
    <title>Hovering</title>
    <subtitle>By
      &lt;a target="_blank" href="http://www.flickr.com/photos/nicholas_t/sets/72157600082674590/"&gt;Nicholas_T&lt;/a&gt;, licensed under
      &lt;a target="_blank" href="http://creativecommons.org/licenses/by/2.0/deed.en">Creative Commons Attribution 2.0 Generic&lt;/a&gt;</subtitle>
  </photo>
  <photo>
    <src>Tableland.jpg</src>
    <title>Tableland</title>
    <subtitle>By
      &lt;a target="_blank" href="http://www.flickr.com/photos/nicholas_t/sets/72157600082674590/"&gt;Nicholas_T&lt;/a&gt;, licensed under
      &lt;a target="_blank" href="http://creativecommons.org/licenses/by/2.0/deed.en">Creative Commons Attribution 2.0 Generic&lt;/a&gt;</subtitle>
  </photo>
  <photo>
    <src>Changeable.jpg</src>
    <title>Changeable</title>
    <subtitle>By
      &lt;a target="_blank" href="http://www.flickr.com/photos/nicholas_t/sets/72157600082674590/"&gt;Nicholas_T&lt;/a&gt;, licensed under
      &lt;a target="_blank" href="http://creativecommons.org/licenses/by/2.0/deed.en">Creative Commons Attribution 2.0 Generic&lt;/a&gt;</subtitle>
  </photo>
  <photo>
    <src>Deserted.jpg</src>
    <title>Deserted</title>
    <subtitle>By
      &lt;a target="_blank" href="http://www.flickr.com/photos/nicholas_t/sets/72157600082674590/"&gt;Nicholas_T&lt;/a&gt;, licensed under
      &lt;a target="_blank" href="http://creativecommons.org/licenses/by/2.0/deed.en">Creative Commons Attribution 2.0 Generic&lt;/a&gt;</subtitle>
  </photo>
  <photo>
    <src>Interior-Design.jpg</src>
    <title>Interior Design</title>
    <subtitle>By
      &lt;a target="_blank" href="http://www.flickr.com/photos/nicholas_t/sets/72157600082674590/"&gt;Nicholas_T&lt;/a&gt;, licensed under
      &lt;a target="_blank" href="http://creativecommons.org/licenses/by/2.0/deed.en">Creative Commons Attribution 2.0 Generic&lt;/a&gt;</subtitle>
  </photo>
  <photo>
    <src>Suspension.jpg</src>
    <title>Suspension</title>
    <subtitle>By
      &lt;a target="_blank" href="http://www.flickr.com/photos/nicholas_t/sets/72157600082674590/"&gt;Nicholas_T&lt;/a&gt;, licensed under
      &lt;a target="_blank" href="http://creativecommons.org/licenses/by/2.0/deed.en">Creative Commons Attribution 2.0 Generic&lt;/a&gt;</subtitle>
  </photo>
  <photo>
    <src>Winter-Pause.jpg</src>
    <title>Winter Pause</title>
    <subtitle>By
      &lt;a target="_blank" href="http://www.flickr.com/photos/nicholas_t/sets/72157600082674590/"&gt;Nicholas_T&lt;/a&gt;, licensed under
      &lt;a target="_blank" href="http://creativecommons.org/licenses/by/2.0/deed.en">Creative Commons Attribution 2.0 Generic&lt;/a&gt;</subtitle>
  </photo>
  <photo>
    <src>Enclosed.jpg</src>
    <title>Enclosed</title>
    <subtitle>By
      &lt;a target="_blank" href="http://www.flickr.com/photos/nicholas_t/sets/72157600082674590/"&gt;Nicholas_T&lt;/a&gt;, licensed under
      &lt;a target="_blank" href="http://creativecommons.org/licenses/by/2.0/deed.en">Creative Commons Attribution 2.0 Generic&lt;/a&gt;</subtitle>
  </photo>
  <photo>
    <src>Winter-Palette.jpg</src>
    <title>Winter Palette</title>
    <subtitle>By
      &lt;a target="_blank" href="http://www.flickr.com/photos/nicholas_t/sets/72157600082674590/"&gt;Nicholas_T&lt;/a&gt;, licensed under
      &lt;a target="_blank" href="http://creativecommons.org/licenses/by/2.0/deed.en">Creative Commons Attribution 2.0 Generic&lt;/a&gt;</subtitle>
  </photo>
  <photo>
    <src>Forgotten.jpg</src>
    <title>Forgotten</title>
    <subtitle>By
      &lt;a target="_blank" href="http://www.flickr.com/photos/nicholas_t/sets/72157600082674590/"&gt;Nicholas_T&lt;/a&gt;, licensed under
      &lt;a target="_blank" href="http://creativecommons.org/licenses/by/2.0/deed.en">Creative Commons Attribution 2.0 Generic&lt;/a&gt;</subtitle>
  </photo>
  <photo>
    <src>Rouge.jpg</src>
    <title>Rouge</title>
    <subtitle>By
      &lt;a target="_blank" href="http://www.flickr.com/photos/nicholas_t/sets/72157600082674590/"&gt;Nicholas_T&lt;/a&gt;, licensed under
      &lt;a target="_blank" href="http://creativecommons.org/licenses/by/2.0/deed.en">Creative Commons Attribution 2.0 Generic&lt;/a&gt;</subtitle>
  </photo>
  <photo>
    <src>Dusky.jpg</src>
    <title>Dusky</title>
    <subtitle>By
      &lt;a target="_blank" href="http://www.flickr.com/photos/nicholas_t/sets/72157600082674590/"&gt;Nicholas_T&lt;/a&gt;, licensed under
      &lt;a target="_blank" href="http://creativecommons.org/licenses/by/2.0/deed.en">Creative Commons Attribution 2.0 Generic&lt;/a&gt;</subtitle>
  </photo>
  <photo>
    <src>Marshy.jpg</src>
    <title>Marshy</title>
    <subtitle>By
      &lt;a target="_blank" href="http://www.flickr.com/photos/nicholas_t/sets/72157600082674590/"&gt;Nicholas_T&lt;/a&gt;, licensed under
      &lt;a target="_blank" href="http://creativecommons.org/licenses/by/2.0/deed.en">Creative Commons Attribution 2.0 Generic&lt;/a&gt;</subtitle>
  </photo>
  <photo>
    <src>Dispersed.jpg</src>
    <title>Dispersed</title>
    <subtitle>By
      &lt;a target="_blank" href="http://www.flickr.com/photos/nicholas_t/sets/72157600082674590/"&gt;Nicholas_T&lt;/a&gt;, licensed under
      &lt;a target="_blank" href="http://creativecommons.org/licenses/by/2.0/deed.en">Creative Commons Attribution 2.0 Generic&lt;/a&gt;</subtitle>
  </photo>
  <photo>
    <src>Light-'n'-Dark.jpg</src>
    <title>Light 'n' Dark</title>
    <subtitle>By
      &lt;a target="_blank" href="http://www.flickr.com/photos/nicholas_t/sets/72157600082674590/"&gt;Nicholas_T&lt;/a&gt;, licensed under
      &lt;a target="_blank" href="http://creativecommons.org/licenses/by/2.0/deed.en">Creative Commons Attribution 2.0 Generic&lt;/a&gt;</subtitle>
  </photo>
  <photo>
    <src>Strata.jpg</src>
    <title>Strata</title>
    <subtitle>By
      &lt;a target="_blank" href="http://www.flickr.com/photos/nicholas_t/sets/72157600082674590/"&gt;Nicholas_T&lt;/a&gt;, licensed under
      &lt;a target="_blank" href="http://creativecommons.org/licenses/by/2.0/deed.en">Creative Commons Attribution 2.0 Generic&lt;/a&gt;</subtitle>
  </photo>
  <photo>
    <src>Edge-Effect.jpg</src>
    <title>Edge Effect</title>
    <subtitle>By
      &lt;a target="_blank" href="http://www.flickr.com/photos/nicholas_t/sets/72157600082674590/"&gt;Nicholas_T&lt;/a&gt;, licensed under
      &lt;a target="_blank" href="http://creativecommons.org/licenses/by/2.0/deed.en">Creative Commons Attribution 2.0 Generic&lt;/a&gt;</subtitle>
  </photo>
  <photo>
    <src>Viewpoint.jpg</src>
    <title>Viewpoint</title>
    <subtitle>By
      &lt;a target="_blank" href="http://www.flickr.com/photos/nicholas_t/sets/72157600082674590/"&gt;Nicholas_T&lt;/a&gt;, licensed under
      &lt;a target="_blank" href="http://creativecommons.org/licenses/by/2.0/deed.en">Creative Commons Attribution 2.0 Generic&lt;/a&gt;</subtitle>
  </photo>
  <photo>
    <src>Far-'n'-Away.jpg</src>
    <title>Far 'n' Away</title>
    <subtitle>By
      &lt;a target="_blank" href="http://www.flickr.com/photos/nicholas_t/sets/72157600082674590/"&gt;Nicholas_T&lt;/a&gt;, licensed under
      &lt;a target="_blank" href="http://creativecommons.org/licenses/by/2.0/deed.en">Creative Commons Attribution 2.0 Generic&lt;/a&gt;</subtitle>
  </photo>
  <photo>
    <src>Horizonal.jpg</src>
    <title>Horizonal</title>
    <subtitle>By
      &lt;a target="_blank" href="http://www.flickr.com/photos/nicholas_t/sets/72157600082674590/"&gt;Nicholas_T&lt;/a&gt;, licensed under
      &lt;a target="_blank" href="http://creativecommons.org/licenses/by/2.0/deed.en">Creative Commons Attribution 2.0 Generic&lt;/a&gt;</subtitle>
  </photo>
  <photo>
    <src>Loom.jpg</src>
    <title>Loom</title>
    <subtitle>By
      &lt;a target="_blank" href="http://www.flickr.com/photos/nicholas_t/sets/72157600082674590/"&gt;Nicholas_T&lt;/a&gt;, licensed under
      &lt;a target="_blank" href="http://creativecommons.org/licenses/by/2.0/deed.en">Creative Commons Attribution 2.0 Generic&lt;/a&gt;</subtitle>
  </photo>
  <photo>
    <src>Downhill.jpg</src>
    <title>Downhill</title>
    <subtitle>By
      &lt;a target="_blank" href="http://www.flickr.com/photos/nicholas_t/sets/72157600082674590/"&gt;Nicholas_T&lt;/a&gt;, licensed under
      &lt;a target="_blank" href="http://creativecommons.org/licenses/by/2.0/deed.en">Creative Commons Attribution 2.0 Generic&lt;/a&gt;</subtitle>
  </photo>
  <photo>
    <src>Power-Lined.jpg</src>
    <title>Power-Lined</title>
    <subtitle>By
      &lt;a target="_blank" href="http://www.flickr.com/photos/nicholas_t/sets/72157600082674590/"&gt;Nicholas_T&lt;/a&gt;, licensed under
      &lt;a target="_blank" href="http://creativecommons.org/licenses/by/2.0/deed.en">Creative Commons Attribution 2.0 Generic&lt;/a&gt;</subtitle>
  </photo>
  <photo>
    <src>Expanse.jpg</src>
    <title>Expanse</title>
    <subtitle>By
      &lt;a target="_blank" href="http://www.flickr.com/photos/nicholas_t/sets/72157600082674590/"&gt;Nicholas_T&lt;/a&gt;, licensed under
      &lt;a target="_blank" href="http://creativecommons.org/licenses/by/2.0/deed.en">Creative Commons Attribution 2.0 Generic&lt;/a&gt;</subtitle>
  </photo>
  <photo>
    <src>Autumn-Prelude.jpg</src>
    <title>Autumn Prelude</title>
    <subtitle>By
      &lt;a target="_blank" href="http://www.flickr.com/photos/nicholas_t/sets/72157600082674590/"&gt;Nicholas_T&lt;/a&gt;, licensed under
      &lt;a target="_blank" href="http://creativecommons.org/licenses/by/2.0/deed.en">Creative Commons Attribution 2.0 Generic&lt;/a&gt;</subtitle>
  </photo>
  <photo>
    <src>Lost-'n'-Found.jpg</src>
    <title>Lost 'n' Found</title>
    <subtitle>By
      &lt;a target="_blank" href="http://www.flickr.com/photos/nicholas_t/sets/72157600082674590/"&gt;Nicholas_T&lt;/a&gt;, licensed under
      &lt;a target="_blank" href="http://creativecommons.org/licenses/by/2.0/deed.en">Creative Commons Attribution 2.0 Generic&lt;/a&gt;</subtitle>
  </photo>
  <photo>
    <src>Insular.jpg</src>
    <title>Insular</title>
    <subtitle>By
      &lt;a target="_blank" href="http://www.flickr.com/photos/nicholas_t/sets/72157600082674590/"&gt;Nicholas_T&lt;/a&gt;, licensed under
      &lt;a target="_blank" href="http://creativecommons.org/licenses/by/2.0/deed.en">Creative Commons Attribution 2.0 Generic&lt;/a&gt;</subtitle>
  </photo>
  <photo>
    <src>Placid.jpg</src>
    <title>Placid</title>
    <subtitle>By
      &lt;a target="_blank" href="http://www.flickr.com/photos/nicholas_t/sets/72157600082674590/"&gt;Nicholas_T&lt;/a&gt;, licensed under
      &lt;a target="_blank" href="http://creativecommons.org/licenses/by/2.0/deed.en">Creative Commons Attribution 2.0 Generic&lt;/a&gt;</subtitle>
  </photo>
  <photo>
    <src>Cliffside.jpg</src>
    <title>Cliffside</title>
    <subtitle>By
      &lt;a target="_blank" href="http://www.flickr.com/photos/nicholas_t/sets/72157600082674590/"&gt;Nicholas_T&lt;/a&gt;, licensed under
      &lt;a target="_blank" href="http://creativecommons.org/licenses/by/2.0/deed.en">Creative Commons Attribution 2.0 Generic&lt;/a&gt;</subtitle>
  </photo>
  <photo>
    <src>Tuffets.jpg</src>
    <title>Tuffets</title>
    <subtitle>By
      &lt;a target="_blank" href="http://www.flickr.com/photos/nicholas_t/sets/72157600082674590/"&gt;Nicholas_T&lt;/a&gt;, licensed under
      &lt;a target="_blank" href="http://creativecommons.org/licenses/by/2.0/deed.en">Creative Commons Attribution 2.0 Generic&lt;/a&gt;</subtitle>
  </photo>
  <photo>
    <src>Crest.jpg</src>
    <title>Crest</title>
    <subtitle>By
      &lt;a target="_blank" href="http://www.flickr.com/photos/nicholas_t/sets/72157600082674590/"&gt;Nicholas_T&lt;/a&gt;, licensed under
      &lt;a target="_blank" href="http://creativecommons.org/licenses/by/2.0/deed.en">Creative Commons Attribution 2.0 Generic&lt;/a&gt;</subtitle>
  </photo>
  <photo>
    <src>Sedate.jpg</src>
    <title>Sedate</title>
    <subtitle>By
      &lt;a target="_blank" href="http://www.flickr.com/photos/nicholas_t/sets/72157600082674590/"&gt;Nicholas_T&lt;/a&gt;, licensed under
      &lt;a target="_blank" href="http://creativecommons.org/licenses/by/2.0/deed.en">Creative Commons Attribution 2.0 Generic&lt;/a&gt;</subtitle>
  </photo>
  <photo>
    <src>Inlet.jpg</src>
    <title>Inlet</title>
    <subtitle>By
      &lt;a target="_blank" href="http://www.flickr.com/photos/nicholas_t/sets/72157600082674590/"&gt;Nicholas_T&lt;/a&gt;, licensed under
      &lt;a target="_blank" href="http://creativecommons.org/licenses/by/2.0/deed.en">Creative Commons Attribution 2.0 Generic&lt;/a&gt;</subtitle>
  </photo>
  <photo>
    <src>Reflected.jpg</src>
    <title>Reflected</title>
    <subtitle>By
      &lt;a target="_blank" href="http://www.flickr.com/photos/nicholas_t/sets/72157600082674590/"&gt;Nicholas_T&lt;/a&gt;, licensed under
      &lt;a target="_blank" href="http://creativecommons.org/licenses/by/2.0/deed.en">Creative Commons Attribution 2.0 Generic&lt;/a&gt;</subtitle>
  </photo>
</photogallery>
